data/input/qt1/fsm004.qt1.mgz,data/input/labels/fsm004.dc.labels.mgz
data/input/qt1/fsm004.qt1.mgz,data/input/labels/fsm004.jm.labels.mgz
data/input/qt1/fsm005.qt1.mgz,data/input/labels/fsm005.dc.labels.mgz
data/input/qt1/fsm005.qt1.mgz,data/input/labels/fsm005.jm.labels.mgz
data/input/qt1/fsm006.qt1.mgz,data/input/labels/fsm006.dc.labels.mgz
data/input/qt1/fsm006.qt1.mgz,data/input/labels/fsm006.jm.labels.mgz
data/input/qt1/fsm007.qt1.mgz,data/input/labels/fsm007.dc.labels.mgz
data/input/qt1/fsm007.qt1.mgz,data/input/labels/fsm007.jm.labels.mgz
data/input/qt1/fsm008.qt1.mgz,data/input/labels/fsm008.dc.labels.mgz
data/input/qt1/fsm008.qt1.mgz,data/input/labels/fsm008.jm.labels.mgz
data/input/qt1/fsm009.qt1.mgz,data/input/labels/fsm009.dc.labels.mgz
data/input/qt1/fsm009.qt1.mgz,data/input/labels/fsm009.jm.labels.mgz
data/input/qt1/fsm010.qt1.mgz,data/input/labels/fsm010.dc.labels.mgz
data/input/qt1/fsm010.qt1.mgz,data/input/labels/fsm010.jm.labels.mgz
data/input/qt1/fsm011.qt1.mgz,data/input/labels/fsm011.dc.labels.mgz
data/input/qt1/fsm011.qt1.mgz,data/input/labels/fsm011.jm.labels.mgz
data/input/qt1/fsm012.qt1.mgz,data/input/labels/fsm012.dc.labels.mgz
data/input/qt1/fsm012.qt1.mgz,data/input/labels/fsm012.jm.labels.mgz
data/input/qt1/fsm013.qt1.mgz,data/input/labels/fsm013.dc.labels.mgz
data/input/qt1/fsm013.qt1.mgz,data/input/labels/fsm013.jm.labels.mgz
data/input/qt1/fsm014.qt1.mgz,data/input/labels/fsm014.dc.labels.mgz
data/input/qt1/fsm014.qt1.mgz,data/input/labels/fsm014.jm.labels.mgz
data/input/qt1/fsm015.qt1.mgz,data/input/labels/fsm015.dc.labels.mgz
data/input/qt1/fsm015.qt1.mgz,data/input/labels/fsm015.jm.labels.mgz
data/input/qt1/fsm017.qt1.mgz,data/input/labels/fsm017.dc.labels.mgz
data/input/qt1/fsm017.qt1.mgz,data/input/labels/fsm017.jm.labels.mgz
data/input/qt1/fsm018.qt1.mgz,data/input/labels/fsm018.dc.labels.mgz
data/input/qt1/fsm018.qt1.mgz,data/input/labels/fsm018.jm.labels.mgz
data/input/qt1/fsm019.qt1.mgz,data/input/labels/fsm019.dc.labels.mgz
data/input/qt1/fsm019.qt1.mgz,data/input/labels/fsm019.jm.labels.mgz
data/input/qt1/fsm020.qt1.mgz,data/input/labels/fsm020.dc.labels.mgz
data/input/qt1/fsm020.qt1.mgz,data/input/labels/fsm020.jm.labels.mgz
data/input/qt1/fsm021.qt1.mgz,data/input/labels/fsm021.dc.labels.mgz
data/input/qt1/fsm021.qt1.mgz,data/input/labels/fsm021.jm.labels.mgz
data/input/qt1/fsm022.qt1.mgz,data/input/labels/fsm022.dc.labels.mgz
data/input/qt1/fsm022.qt1.mgz,data/input/labels/fsm022.jm.labels.mgz
data/input/qt1/fsm023.qt1.mgz,data/input/labels/fsm023.dc.labels.mgz
data/input/qt1/fsm023.qt1.mgz,data/input/labels/fsm023.jm.labels.mgz
data/input/qt1/fsm025.qt1.mgz,data/input/labels/fsm025.dc.labels.mgz
data/input/qt1/fsm025.qt1.mgz,data/input/labels/fsm025.jm.labels.mgz
data/input/qt1/fsm026.qt1.mgz,data/input/labels/fsm026.dc.labels.mgz
data/input/qt1/fsm026.qt1.mgz,data/input/labels/fsm026.jm.labels.mgz
data/input/qt1/fsm027.qt1.mgz,data/input/labels/fsm027.dc.labels.mgz
data/input/qt1/fsm027.qt1.mgz,data/input/labels/fsm027.jm.labels.mgz
data/input/qt1/fsm028.qt1.mgz,data/input/labels/fsm028.dc.labels.mgz
data/input/qt1/fsm028.qt1.mgz,data/input/labels/fsm028.jm.labels.mgz
data/input/qt1/fsm029.qt1.mgz,data/input/labels/fsm029.dc.labels.mgz
data/input/qt1/fsm029.qt1.mgz,data/input/labels/fsm029.jm.labels.mgz
data/input/qt1/fsm031.qt1.mgz,data/input/labels/fsm031.dc.labels.mgz
data/input/qt1/fsm031.qt1.mgz,data/input/labels/fsm031.jm.labels.mgz
data/input/qt1/fsm033.qt1.mgz,data/input/labels/fsm033.dc.labels.mgz
data/input/qt1/fsm033.qt1.mgz,data/input/labels/fsm033.jm.labels.mgz
data/input/qt1/fsm035.qt1.mgz,data/input/labels/fsm035.dc.labels.mgz
data/input/qt1/fsm035.qt1.mgz,data/input/labels/fsm035.jm.labels.mgz
data/input/qt1/fsm036.qt1.mgz,data/input/labels/fsm036.dc.labels.mgz
data/input/qt1/fsm036.qt1.mgz,data/input/labels/fsm036.jm.labels.mgz
data/input/qt1/fsm038.qt1.mgz,data/input/labels/fsm038.dc.labels.mgz
data/input/qt1/fsm038.qt1.mgz,data/input/labels/fsm038.jm.labels.mgz
data/input/qt1/fsm039.qt1.mgz,data/input/labels/fsm039.dc.labels.mgz
data/input/qt1/fsm039.qt1.mgz,data/input/labels/fsm039.jm.labels.mgz
data/input/qt1/fsm041.qt1.mgz,data/input/labels/fsm041.dc.labels.mgz
data/input/qt1/fsm041.qt1.mgz,data/input/labels/fsm041.jm.labels.mgz
data/input/qt1/fsm042.qt1.mgz,data/input/labels/fsm042.dc.labels.mgz
data/input/qt1/fsm042.qt1.mgz,data/input/labels/fsm042.jm.labels.mgz
